Nombre Mascota,Especie,Raza,Edad,Due√±o
Oto,Dd,Ddd,2,Roma
Tan,Ree,Err,33,Romeo
Trelo,Rrwe,Er,32,Pero
Copito,Roe,Ee,3,Pero
Oto,Rome,Pore,2,Pero
Georgina,Loro,Lorito,3,Lucas
Bob,Serpiente,Mamba negra,2,Bobby
Boby,Perro,Labrador,5,Juan Perez
Boby,Perro,Labrador,5,Juan Perez
Boby,Perro,Labrador,5,Juan Perez
Boby,Perro,Labrador,5,Juan Perez
Boby,Perro,Labrador,5,Juan Perez
Boby,Perro,Labrador,5,Juan Perez
Boby,Perro,Labrador,5,Juan Perez
Boby,Perro,Labrador,5,Juan Perez
Boby,Perro,Labrador,5,Juan Perez
Boby,Perro,Labrador,5,Juan Perez
Boby,Perro,Labrador,5,Juan Perez
Boby,Perro,Labrador,5,Juan Perez
Boby,Perro,Labrador,5,Juan Perez
Boby,Perro,Labrador,5,Juan Perez
Boby,Perro,Labrador,5,Juan Perez
Boby,Perro,Labrador,5,Juan Perez
Boby,Perro,Labrador,5,Juan Perez
Boby,Perro,Labrador,5,Juan Perez
Boby,Perro,Labrador,5,Juan Perez
Boby,Perro,Labrador,5,Juan Perez
Boby,Perro,Labrador,5,Juan Perez
Boby,Perro,Labrador,5,Juan Perez
Boby,Perro,Labrador,5,Juan Perez
Boby,Perro,Labrador,5,Juan Perez
Boby,Perro,Labrador,5,Juan Perez
Boby,Perro,Labrador,5,Juan Perez
Boby,Perro,Labrador,5,Juan Perez
Oto,Perro,Labrador,5,Juan Perez
Boby,Perro,Labrador,5,Juan Perez
Boby,Perro,Labrador,5,Juan Perez
Boby,Perro,Labrador,5,Juan Perez
Boby,Perro,Labrador,5,Juan Perez
Boby,Perro,Labrador,5,Juan Perez
Oto,Perro,Labrador,5,Juan Perez
Oto,Perro,Labrador,5,Juan Perez
Boby,Perro,Labrador,5,Juan Perez
Boby,Perro,Labrador,5,Juan Perez
Boby,Perro,Labrador,5,Juan Perez
Boby,Perro,Labrador,5,Juan Perez
Oto,Perro,Labrador,5,Roma
Oto,Perro,Labrador,5,Roma
Oto,Perro,Labrador,5,Roma
Oto,Perro,Labrador,5,Roma
Oto,Perro,Labrador,5,Roma
Oto,Perro,Labrador,5,Roma
Oto,Perro,Labrador,5,Roma
Oto,Perro,Labrador,5,Roma
Oto,Perro,Labrador,5,Roma
Boby,Perro,Labrador,5,Juan Perez
Oto,Perro,Labrador,5,Roma
Oto,Perro,Labrador,5,Roma
Oto,Perro,Labrador,5,Roma
Boby,Perro,Labrador,5,Juan Perez
Boby,Perro,Labrador,5,Juan Perez
Boby,Perro,Labrador,5,Juan Perez
Oto,Perro,Labrador,5,Roma
Oto,Perro,Labrador,5,Roma
Oto,Perro,Labrador,5,Roma
Boby,Perro,Labrador,5,Juan Perez
Boby,Perro,Labrador,5,Juan Perez
Boby,Perro,Labrador,5,Juan Perez
Boby,Perro,Labrador,5,Juan Perez
Oto,Perro,Labrador,5,Roma
Oto,Perro,Labrador,5,Roma
Oto,Perro,Labrador,5,Roma
Boby,Perro,Labrador,5,Juan Perez
Boby,Perro,Labrador,5,Juan Perez
Boby,Perro,Labrador,5,Juan Perez
Boby,Perro,Labrador,5,Juan Perez
Oto,Perro,Labrador,5,Roma
Oto,Perro,Labrador,5,Roma
Oto,Perro,Labrador,5,Roma
Boby,Perro,Labrador,5,Juan Perez
Boby,Perro,Labrador,5,Juan Perez
Boby,Perro,Labrador,5,Juan Perez
Oto,Perro,Labrador,5,Roma
Oto,Perro,Labrador,5,Roma
Oto,Perro,Labrador,5,Roma
Boby,Perro,Labrador,5,Juan Perez
Boby,Perro,Labrador,5,Juan Perez
Boby,Perro,Labrador,5,Juan Perez
Boby,Perro,Labrador,5,Juan Perez
Oto,Perro,Labrador,5,Roma
Oto,Perro,Labrador,5,Roma
Oto,Perro,Labrador,5,Roma
Boby,Perro,Labrador,5,Juan Perez
Boby,Perro,Labrador,5,Juan Perez
Boby,Perro,Labrador,5,Juan Perez
Boby,Perro,Labrador,5,Juan Perez
Oto,Perro,Labrador,5,Roma
Oto,Perro,Labrador,5,Roma
Oto,Perro,Labrador,5,Roma
Boby,Perro,Labrador,5,Juan Perez
Boby,Perro,Labrador,5,Juan Perez
Boby,Perro,Labrador,5,Juan Perez
Boby,Perro,Labrador,5,Juan Perez
Oto,Perro,Labrador,5,Roma
Oto,Perro,Labrador,5,Roma
Oto,Perro,Labrador,5,Roma
Boby,Perro,Labrador,5,Juan Perez
Boby,Perro,Labrador,5,Juan Perez
Boby,Perro,Labrador,5,Juan Perez
Boby,Perro,Labrador,5,Juan Perez
Oto,Perro,Labrador,5,Roma
Oto,Perro,Labrador,5,Roma
Oto,Perro,Labrador,5,Roma
Boby,Perro,Labrador,5,Juan Perez
Boby,Perro,Labrador,5,Juan Perez
Boby,Perro,Labrador,5,Juan Perez
Boby,Perro,Labrador,5,Juan Perez
Oto,Perro,Labrador,5,Roma
Oto,Perro,Labrador,5,Roma
Oto,Perro,Labrador,5,Roma
Boby,Perro,Labrador,5,Juan Perez
Boby,Perro,Labrador,5,Juan Perez
Boby,Perro,Labrador,5,Juan Perez
Boby,Perro,Labrador,5,Juan Perez
Oto,Perro,Labrador,5,Roma
Oto,Perro,Labrador,5,Roma
Oto,Perro,Labrador,5,Roma
Boby,Perro,Labrador,5,Juan Perez
Boby,Perro,Labrador,5,Juan Perez
Boby,Perro,Labrador,5,Juan Perez
Boby,Perro,Labrador,5,Juan Perez
Oto,Perro,Labrador,5,Roma
Oto,Perro,Labrador,5,Roma
Oto,Perro,Labrador,5,Roma
Boby,Perro,Labrador,5,Juan Perez
Boby,Perro,Labrador,5,Juan Perez
Boby,Perro,Labrador,5,Juan Perez
Boby,Perro,Labrador,5,Juan Perez
Oto,Perro,Labrador,5,Roma
Oto,Perro,Labrador,5,Roma
Oto,Perro,Labrador,5,Roma
Boby,Perro,Labrador,5,Juan Perez
Boby,Perro,Labrador,5,Juan Perez
Boby,Perro,Labrador,5,Juan Perez
Boby,Perro,Labrador,5,Juan Perez
Oto,Perro,Labrador,5,Roma
Oto,Perro,Labrador,5,Roma
Oto,Perro,Labrador,5,Roma
Boby,Perro,Labrador,5,Juan Perez
Boby,Perro,Labrador,5,Juan Perez
Boby,Perro,Labrador,5,Juan Perez
Boby,Perro,Labrador,5,Juan Perez
Oto,Perro,Labrador,5,Roma
Oto,Perro,Labrador,5,Roma
Oto,Perro,Labrador,5,Roma
Boby,Perro,Labrador,5,Juan Perez
Boby,Perro,Labrador,5,Juan Perez
Boby,Perro,Labrador,5,Juan Perez
Boby,Perro,Labrador,5,Juan Perez
Oto,Perro,Labrador,5,Roma
Oto,Perro,Labrador,5,Roma
Oto,Perro,Labrador,5,Roma
Boby,Perro,Labrador,5,Juan Perez
Boby,Perro,Labrador,5,Juan Perez
Boby,Perro,Labrador,5,Juan Perez
Boby,Perro,Labrador,5,Juan Perez
Oto,Perro,Labrador,5,Roma
Oto,Perro,Labrador,5,Roma
Oto,Perro,Labrador,5,Roma
Boby,Perro,Labrador,5,Juan Perez
Boby,Perro,Labrador,5,Juan Perez
Boby,Perro,Labrador,5,Juan Perez
Boby,Perro,Labrador,5,Juan Perez
Oto,Perro,Labrador,5,Roma
Oto,Perro,Labrador,5,Roma
Oto,Perro,Labrador,5,Roma
Boby,Perro,Labrador,5,Juan Perez
Boby,Perro,Labrador,5,Juan Perez
Boby,Perro,Labrador,5,Juan Perez
Boby,Perro,Labrador,5,Juan Perez
Oto,Perro,Labrador,5,Roma
Oto,Perro,Labrador,5,Roma
Oto,Perro,Labrador,5,Roma
